name,level,cycle_size,branch_size,recursive_steps
synth-n_100-m_1220-k_15-p_0.2.txt,0,3.0,3.0,1
synth-n_100-m_1220-k_15-p_0.2.txt,1,3.0,2.0,3
synth-n_100-m_1220-k_15-p_0.2.txt,2,3.0,1.6666666,6
synth-n_100-m_1220-k_15-p_0.2.txt,3,3.1,1.6,10
synth-n_100-m_1220-k_15-p_0.2.txt,4,3.125,1.5,16
synth-n_100-m_1220-k_15-p_0.2.txt,5,3.2916667,1.5,24
synth-n_100-m_1220-k_15-p_0.2.txt,6,3.3055556,1.4444444,36
synth-n_100-m_1220-k_15-p_0.2.txt,7,3.3846154,1.4230769,52
synth-n_100-m_1220-k_15-p_0.2.txt,8,3.5,1.4594594,74
