name,level,cycle_size,branch_size,recursive_steps
synth-n_100-m_1220-k_15-p_0.2.txt,0,3.0,3.0,1
synth-n_100-m_1220-k_15-p_0.2.txt,1,3.0,2.3333333,3
synth-n_100-m_1220-k_15-p_0.2.txt,2,3.142857,2.2857144,7
synth-n_100-m_1220-k_15-p_0.2.txt,3,3.375,2.0625,16
synth-n_100-m_1220-k_15-p_0.2.txt,4,3.5454545,1.939394,33
synth-n_100-m_1220-k_15-p_0.2.txt,5,3.5625,1.890625,64
synth-n_100-m_1220-k_15-p_0.2.txt,6,3.6528926,1.7933885,121
synth-n_100-m_1220-k_15-p_0.2.txt,7,3.6036866,1.7004608,217
synth-n_100-m_1220-k_15-p_0.2.txt,8,3.6422765,1.7317073,369
